ID,Name,Sequence,Model/Tag,lDDT,pTM,Time
1,5tje_trim.pdb:????:I,KAVYNFATM,model_1_ptm,72.980,0.107,253.6
1,5tje_trim.pdb:????:I,KAVYNFATM,model_2_ptm,65.489,0.110,253.6
1,5tje_trim.pdb:????:I,KAVYNFATM,model_3_ptm,78.437,0.956,253.6
1,5tje_trim.pdb:????:I,KAVYNFATM,model_4_ptm,75.433,0.161,253.6
1,5tje_trim.pdb:????:I,KAVYNFATM,model_5_ptm,78.289,0.125,253.6
2,5tje_trim.pdb:????:H,AVTQSPRSKVAVTGGKVTLSCHQTNNHDYMYWYRQDTGHGLRLIHYSYVADSTEKGDIPDGYKASRPSQENFSLILELASLSQTAVYFCASSDAGGRNTLYFGAGTRLSVL,model_1_ptm,35.726,0.222,30.1
2,5tje_trim.pdb:????:H,AVTQSPRSKVAVTGGKVTLSCHQTNNHDYMYWYRQDTGHGLRLIHYSYVADSTEKGDIPDGYKASRPSQENFSLILELASLSQTAVYFCASSDAGGRNTLYFGAGTRLSVL,model_2_ptm,39.467,0.308,30.1
2,5tje_trim.pdb:????:H,AVTQSPRSKVAVTGGKVTLSCHQTNNHDYMYWYRQDTGHGLRLIHYSYVADSTEKGDIPDGYKASRPSQENFSLILELASLSQTAVYFCASSDAGGRNTLYFGAGTRLSVL,model_3_ptm,37.734,0.429,30.1
2,5tje_trim.pdb:????:H,AVTQSPRSKVAVTGGKVTLSCHQTNNHDYMYWYRQDTGHGLRLIHYSYVADSTEKGDIPDGYKASRPSQENFSLILELASLSQTAVYFCASSDAGGRNTLYFGAGTRLSVL,model_4_ptm,33.150,0.216,30.1
2,5tje_trim.pdb:????:H,AVTQSPRSKVAVTGGKVTLSCHQTNNHDYMYWYRQDTGHGLRLIHYSYVADSTEKGDIPDGYKASRPSQENFSLILELASLSQTAVYFCASSDAGGRNTLYFGAGTRLSVL,model_5_ptm,31.750,0.185,30.1
3,5tje_trim.pdb:????:G,QQVRQSPQSLTVWEGGTTVLTCSYEDSTFNYFPWYQQFPGEGPALLISILSVSDKKEDGRFTTFFNKREKKLSLHIIDSQPGDSATYFCAALYGNEKITFGAGTKLTIKPNI,model_1_ptm,34.364,0.216,30.1
3,5tje_trim.pdb:????:G,QQVRQSPQSLTVWEGGTTVLTCSYEDSTFNYFPWYQQFPGEGPALLISILSVSDKKEDGRFTTFFNKREKKLSLHIIDSQPGDSATYFCAALYGNEKITFGAGTKLTIKPNI,model_2_ptm,38.056,0.251,30.1
3,5tje_trim.pdb:????:G,QQVRQSPQSLTVWEGGTTVLTCSYEDSTFNYFPWYQQFPGEGPALLISILSVSDKKEDGRFTTFFNKREKKLSLHIIDSQPGDSATYFCAALYGNEKITFGAGTKLTIKPNI,model_3_ptm,37.602,0.424,30.1
3,5tje_trim.pdb:????:G,QQVRQSPQSLTVWEGGTTVLTCSYEDSTFNYFPWYQQFPGEGPALLISILSVSDKKEDGRFTTFFNKREKKLSLHIIDSQPGDSATYFCAALYGNEKITFGAGTKLTIKPNI,model_4_ptm,32.646,0.211,30.1
3,5tje_trim.pdb:????:G,QQVRQSPQSLTVWEGGTTVLTCSYEDSTFNYFPWYQQFPGEGPALLISILSVSDKKEDGRFTTFFNKREKKLSLHIIDSQPGDSATYFCAALYGNEKITFGAGTKLTIKPNI,model_5_ptm,36.711,0.245,30.1
4,5tje_trim.pdb:????:A,PHSMRYFETAVSRPGLEEPRYISVGYVDNKEFVRFDSDAENPRYEPRAPWMEQEGPEYWERETQKAKGQEQWFRVSLRNLLGYYNQSAGGSHTLQQMSGCDLGSDWRLLRGYLQFAYEGRDYIALNEDLKTWTAADMAAQITRRKWEQSGAAEHYKAYLEGECVEWLHRYLKNG,model_1_ptm,41.040,0.296,31.8
4,5tje_trim.pdb:????:A,PHSMRYFETAVSRPGLEEPRYISVGYVDNKEFVRFDSDAENPRYEPRAPWMEQEGPEYWERETQKAKGQEQWFRVSLRNLLGYYNQSAGGSHTLQQMSGCDLGSDWRLLRGYLQFAYEGRDYIALNEDLKTWTAADMAAQITRRKWEQSGAAEHYKAYLEGECVEWLHRYLKNG,model_2_ptm,38.782,0.247,31.8
4,5tje_trim.pdb:????:A,PHSMRYFETAVSRPGLEEPRYISVGYVDNKEFVRFDSDAENPRYEPRAPWMEQEGPEYWERETQKAKGQEQWFRVSLRNLLGYYNQSAGGSHTLQQMSGCDLGSDWRLLRGYLQFAYEGRDYIALNEDLKTWTAADMAAQITRRKWEQSGAAEHYKAYLEGECVEWLHRYLKNG,model_3_ptm,33.839,0.199,31.8
4,5tje_trim.pdb:????:A,PHSMRYFETAVSRPGLEEPRYISVGYVDNKEFVRFDSDAENPRYEPRAPWMEQEGPEYWERETQKAKGQEQWFRVSLRNLLGYYNQSAGGSHTLQQMSGCDLGSDWRLLRGYLQFAYEGRDYIALNEDLKTWTAADMAAQITRRKWEQSGAAEHYKAYLEGECVEWLHRYLKNG,model_4_ptm,36.306,0.210,31.8
4,5tje_trim.pdb:????:A,PHSMRYFETAVSRPGLEEPRYISVGYVDNKEFVRFDSDAENPRYEPRAPWMEQEGPEYWERETQKAKGQEQWFRVSLRNLLGYYNQSAGGSHTLQQMSGCDLGSDWRLLRGYLQFAYEGRDYIALNEDLKTWTAADMAAQITRRKWEQSGAAEHYKAYLEGECVEWLHRYLKNG,model_5_ptm,36.913,0.202,31.8
